Model,Accuracy,AUC,Precision,Recall,F1,MCC
XGBoost,0.9106491208669689,0.934450582554956,0.6586294416243654,0.4905482041587902,0.562296858071506,0.5206451401266131
Random Forest,0.9081057171292712,0.929519136187535,0.6765163297045101,0.4111531190926276,0.5114638447971781,0.4816299739378696
Logistic Regression,0.901249585314608,0.9055740146044154,0.6444833625218914,0.34782608695652173,0.4518109269490485,0.42605817794513523
KNN,0.898595598805706,0.8500265147434996,0.6256684491978609,0.33175803402646503,0.4336009882643607,0.4070073583293771
Naive Bayes,0.8548048214088245,0.8100945416322902,0.4059040590405904,0.5198487712665406,0.45586406962287607,0.37735837569864067
Decision Tree,0.8728298131151166,0.7008652802454508,0.4581818181818182,0.4763705103969754,0.46709916589434664,0.39502678202261815
